{
  "validation": {
    "classificationReport": {
      "0": {
        "precision": 0.999,
        "recall": 0.9861796643632774,
        "f1-score": 0.992548435171386,
        "support": 1013.0
      },
      "1": {
        "precision": 0.9863013698630136,
        "recall": 0.9990089197224975,
        "f1-score": 0.9926144756277696,
        "support": 1009.0
      },
      "accuracy": 0.9925816023738873,
      "macro avg": {
        "precision": 0.9926506849315069,
        "recall": 0.9925942920428874,
        "f1-score": 0.9925814553995778,
        "support": 2022.0
      },
      "weighted avg": {
        "precision": 0.9926632453965285,
        "recall": 0.9925816023738873,
        "f1-score": 0.9925813900776624,
        "support": 2022.0
      }
    },
    "confusionMatrix": [
      [
        999,
        14
      ],
      [
        1,
        1008
      ]
    ],
    "rocAuc": 0.9987711778592862
  },
  "test": {
    "classificationReport": {
      "0": {
        "precision": 0.9980861244019139,
        "recall": 0.9933333333333333,
        "f1-score": 0.9957040572792363,
        "support": 1050.0
      },
      "1": {
        "precision": 0.9924487594390508,
        "recall": 0.9978308026030369,
        "f1-score": 0.9951325040562466,
        "support": 922.0
      },
      "accuracy": 0.9954361054766734,
      "macro avg": {
        "precision": 0.9952674419204823,
        "recall": 0.995582067968185,
        "f1-score": 0.9954182806677414,
        "support": 1972.0
      },
      "weighted avg": {
        "precision": 0.9954503989983846,
        "recall": 0.9954361054766734,
        "f1-score": 0.9954368300624024,
        "support": 1972.0
      }
    },
    "confusionMatrix": [
      [
        1043,
        7
      ],
      [
        2,
        920
      ]
    ],
    "rocAuc": 0.997077781220948
  }
}
